"cluster_id","id","org","program","street","city","zip"
"011e1660-17a9-4f29-9466-a06892d82ebc","C0084","Guilford County Schools","Grab-and-Go Meals - Autumn Forest Trailer Park","3700 Autumn Forest Drive","Brown Summit","27214"
"01492128-b3e5-496f-add2-a64762ae9f8b","C0051","YWCA High Point","Healthy Beginnings","155 W. Westwood Avenue","High Point","27262"
"01492128-b3e5-496f-add2-a64762ae9f8b","M0131","YWCA High Point","Healthy Beginnings","155 W. Westwood Avenue","High Point","27262"
"017c523b-141e-4496-ac2f-96423af0020e","C0217","Sandhills Center","Sandhills Center","201 N. Eugene Street","Greensboro","27401"
"017c523b-141e-4496-ac2f-96423af0020e","M0115","Sandhills Center","Sandhills Center","201 N. Eugene Street","Greensboro","27401"
"02c5fd99-d311-4661-b394-9dae2b5d0205","C0086","Guilford County Schools","Grab-and-Go Meals - Alderman Elementary","4211 Chateau Drive","Greensboro","27407"
"031be770-e94c-4d34-b7a0-363d2e2b8ef3","C0164","Guilford County Schools","Grab-and-Go Meals - Madison Woods Apartments","5505 Tomahawk Drive","Greensboro","27410"
"0344ba32-62b4-45fc-8fd9-f2e5b0f82e36","C0029","High Point Medical Center- Esther R. Culp Women's Center","Expectant Parenting Classes","601 N. Elm Street","High Point","27262"
"035afe3b-64d0-4da1-a9c2-4d1ab98deb27","M0029","Department of Public Health","WIC","1100 E. Wendover Avenue","Greensboro","27405"
"035afe3b-64d0-4da1-a9c2-4d1ab98deb27","C0063","Department of Public Health","WIC","1100 E. Wendover Avenue","Greensboro","27405"
"03f399cf-5188-4e59-90f1-5f21d22f3533","C0032","HIgh Point Public Libraries","High Point Public Libraries","901 N. Main Street","High Point","27262"
"06ada18b-aba6-4a84-9514-8dc774537c9b","C0216","Ringer Center","Outpatient Therapy","213 E. Bessemer Avenue","Greensboro","27401"
"0810a63d-86fd-4ed4-958b-7b4d03af88aa","C0195","Cone Health Behavioral Health","Cone Health Behavioral Health - Partial Hospitalization","510 N. Elam Avenue","Greensboro","27403"
"0810a63d-86fd-4ed4-958b-7b4d03af88aa","M0025","Cone Health Behavioral Health","Cone Health Behavioral Health - Partial Hospitalization","510 N. Elam Avenue, Suite 301","Greensboro","27403"
"0bffbe37-db6e-4e24-93f4-431357fd2719","C0099","Guilford County Schools","Grab-and-Go Meals - Wiley Elementary","600 W. Terrell Street","Greensboro","27406"
"0cdf394d-5d72-4d55-8048-f276a26fc720","C0149","Guilford County Schools","Grab-and-Go Meals -Westview Valley Apartments","436 Guilford College Road","Greensboro","27409"
"0e2941aa-86a6-47f6-834a-0751dc4e0286","C0224","Al-Anon Alateen of Greensboro/High Point NC","Al-Anon Alateen of Greensboro/High Point NC","N/A","N/A","N/A"
"0e2941aa-86a6-47f6-834a-0751dc4e0286","M0002","Al-Anon Alateen of Greensboro/High Point NC","Al-Anon Alateen of Greensboro/High Point NC","N/A","N/A","N/A"
"0e70fd84-8bd0-4027-b815-40e310f9545b","C0250","Guilford County Schools","Grab-and-Go Meals - Village 1373","1373 Lees Chapel Road","Greensboro","27455"
"0eb6c669-efc5-40e7-9898-b5669f2b07cd","C0095","Guilford County Schools","Grab-and-Go Meals - Southern High","5700 Drake Road","Greensboro","27406"
"0f6a4e9c-2976-42cb-8efc-0da126ab80c5","M0105","Ringer Center","DWI Assessments/Treatment","213 E. Bessemer Avenue","Greensboro","27401"
"0f6a4e9c-2976-42cb-8efc-0da126ab80c5","C0228","Ringer Center","DWI Assessments/Treatment","213 E. Bessemer Avenue","Greensboro","27401"
"1155f3bb-0c72-4f91-87fe-12763516a532","M0064","Guilford Child Development","Nurse-Family Partnership","1200 Arlington Street","Greensboro","27406"
"1155f3bb-0c72-4f91-87fe-12763516a532","C0025","Guilford Child Development","Nurse-Family Partnership","1200 Arlington Street","Greensboro","27406"
"11a11c0d-c8cc-46b7-b1ea-9b976b48e101","C0083","Guilford County Schools","Grab-and-Go Meals - Turnbridge Apartments","503 Turnbridge Circle","Brown Summit","27214"
"11c90ab6-0c22-45d6-a441-59bfeeb320f5","C0115","Guilford County Schools","Grab-and-Go Meals - Welborn Middle","1710 McGuinn Drive","High Point","27265"
"1236f969-1b54-48ac-af48-e3101019b99b","M0101","RHA Health Services","RHA Behavioral Health Clinic","211 S. Centennial Street","High Point","27260"
"1236f969-1b54-48ac-af48-e3101019b99b","C0215","RHA Health Services","RHA Behavioral Health Clinic","211 S. Centennial Street","High Point","27260"
"12731f92-4bf9-4dde-afb8-c3f810487536","M0144","Archdale -Trinity Counseling Center","Outpatient Therapy","11635 N Main St Ste D","Archdale","27263"
"15adea4b-b7a3-4926-a6bb-fcbbc4756903","M0162","Planned Parenthood","Womens Health","1704 Battleground Ave","Greensboro","27408"
"1689cf77-a222-4341-b9b3-4e89fab36e4e","C0245","Guilford County Schools","Grab-and-Go Meals - Gallant Estates","4449 Burlington Rd","Greensboro","27405"
"176f0d3d-1833-4982-a202-b6b415054112","C0197","Cone Health Behavioral Health","Cone Health Behavioral Health - Children","510 N. Elam Avenue","Greensboro","27403"
"19690524-34de-4b77-a965-c730764c2c86","M0034","Department of Social Services","Medicaid Transportation","325 E. Russell Ave","High Point","27282"
"19690524-34de-4b77-a965-c730764c2c86","C0232","Department of Social Services","Medicaid Transportation","325 E. Russell Ave","High Point","27282"
"1a8ca150-5fbb-4333-a027-7490cac79ea1","C0159","Guilford County Schools","Grab-and-Go Meals - Woodlawn Apartments

","700 Slade Street","Gibsonville","27249"
"1aa3e53f-2988-4abc-82d7-15c341b0a5ab","C0042","Salvation Army of Greensboro","Boys and Girls Club at the Teen Center","400 W. Whittington Street","Greensboro","27406"
"1aa3e53f-2988-4abc-82d7-15c341b0a5ab","M0113","Salvation Army of Greensboro","Boys and Girls Club at Teen Center","400 W. Whittington Street","Greensboro","27406"
"1bf938bd-9552-4784-9575-54297d603a40","C0057","Family Justice Center","Family Justice Center","505 E. Green Drive","High Point","27260"
"1bf938bd-9552-4784-9575-54297d603a40","M0045","Family Justice Center","Family Justice Center","505 E. Green Drive","High Point","27260"
"1c02a9f0-4c1f-478b-a8d8-e4400ea57a3e","M0122","WFLP","Welfare Reform Liasion Project","863 N. Raleigh St.","Greensboro","27405"
"1d4ffa00-5285-4f2b-b63f-751b853d0f5b","M0053","Greater High Point Food Alliance","Food Finder High Point","815 Phillips Avenue","High Point","27262"
"1d4ffa00-5285-4f2b-b63f-751b853d0f5b","C0067","Greater High Point Food Alliance","Food Finder High Point","815 Phillips Avenue","High Point","27262"
"1d9b27be-249d-4147-aa29-7e3e570a86c5","C0158","Guilford County Schools","Grab-and-Go Meals - Rock Creek Village Mobile Home Park","1337 Village Road","Whitsett","27377"
"1dea30b2-15ed-49a3-b76b-a401033e2789","M0098","Reading Connections","Reading Connections","901 N. Main Street","High Point","27262"
"1dea30b2-15ed-49a3-b76b-a401033e2789","C0040","Reading Connections","Reading Connections","901 N. Main Street","High Point","27262"
"1ecaba6b-b553-407b-a524-d6a171a063c2","C0181","World Relief Triad","Refugee Resettlement","155 Northpoint Avenue","High Point","27262"
"24507cc0-a7b0-42e9-89b4-fea0150b2b91","C0078","Guilford County Schools","Grab-and-Go Meals - Pilot Elementary","4701 Chimney Springs Drive","Greensboro","27407"
"247c25f3-fcfe-40ee-809a-4c40fb97f9fd","M0108","Ringer Center","Urinalysis","213 E. Bessemer Avenue","Greensboro","27401"
"247c25f3-fcfe-40ee-809a-4c40fb97f9fd","C0231","Ringer Center","Urinalysis","213 E. Bessemer Avenue","Greensboro","27401"
"2551a175-2c01-4ee2-8947-ece2c3056c44","M0014","UNCG Center for New North Carolinians","Immigrant Health ACCESS Project","915 W. Gate City Boulevard, Suite A","Greensboro","27403"
"2551a175-2c01-4ee2-8947-ece2c3056c44","C0174","Center for New North Carolinians","Immigrant Health ACCESS Project","915 W. Gate City Boulevard","Greensboro","27403"
"255226b1-18bc-49c1-a5db-8de8305f8e8b","M0140","Youth Unlimited","Theraputic and Family Foster Care","338 Burton Ave","High Point","27262"
"270c7925-5980-4784-ba90-11fba0a35408","C0076","Guilford County Schools","Grab-and-Go Meals - Florence Elementary","7605 Florence School Road","High Point","27265"
"28c5d991-f49a-4486-86df-ee3e4dc5d893","C0090","Guilford County Schools","Grab-and-Go Meals - Jackson Middle","2200 Ontario Street","Greensboro","27403"
"29556e84-48e2-46a1-8b76-cf9da68818c4","C0036","Parents as Teachers","Parents as Teachers","415 N. Edgeworth Street","Greensboro","27455"
"29556e84-48e2-46a1-8b76-cf9da68818c4","M0094","Parents as Teachers","Parents as Teachers","415 N. Edgeworth Street Suite 206","Greensboro","27455"
"2a67a09c-5bc1-49f1-85eb-f2353532658c","C0112","Guilford County Schools","Grab-and-Go Meals - Johnson Street Global","1601 Johnson Street","High Point","27262"
"2b35e6cb-e291-4b7e-bd60-bbd889771934","C0091","Guilford County Schools","Grab-and-Go Meals - Morehead Elementary","4630 Tower Road","Greensboro","27410"
"2bcbe79b-252d-41b9-9786-53b2befdff68","C0251","Guilford County Schools","Grab-and-Go Meals - Winston Street","NA","NA","NA"
"2c327866-79f3-483e-8ae0-6a0c17350548","C0102","Guilford County Schools","Grab-and-Go Meals - GHA-Ray Warren Homes","312 N. Swing Road","Greensboro","27409"
"2c327866-79f3-483e-8ae0-6a0c17350548","C0147","Guilford County Schools","Grab-and-Go Meals - River Birch","312 N. Swing Road","Greensboro","27409"
"2c780e46-d3a9-4452-acd8-2737da7232cd","C0011","Department of Public Health","Family Connects","1203 Maple Street","Greensboro","27405"
"2c7eb54f-baab-4faa-898d-9eb0b99b9b45","C0161","Guilford County Schools","Grab-and-Go Meals -  Colonial Apartments

","400 Burlingate Drive","Greensboro","27407"
"2d624033-76c0-44ce-8fd1-fdef6b092974","M0136","YWCA High Point","Youth Services","155 W. Westwood Avenue","HIgh Point","27262"
"2d624033-76c0-44ce-8fd1-fdef6b092974","C0055","YWCA High Point","Youth Services","155 W. Westwood Avenue","High Point","27262"
"3209ca21-cc25-401f-92ce-4c513a110ccb","M0152","DHHS","Child Care Subsidy Program","1200 Arlington Street","Greensboro","27406"
"326b3c3d-7657-4078-9bd2-d89e340c36eb","M0070","High Point Transit","High Point Transit","716 W. Martin Luther King Jr. Drive","High Point","27262"
"326b3c3d-7657-4078-9bd2-d89e340c36eb","C0235","High Point Transit","High Point Transit","716 W. Martin Luther King Jr. Drive","High Point","27262"
"33e47e9e-4e75-4c8d-9202-1f230373a41d","C0135","Guilford County Schools","Grab-and-Go Meals - Southwest Middle","4368 Southwest School Road","High Point","27265"
"33ea45cf-0357-40fb-b327-254328ece49a","C0163","Guilford County Schools","Grab-and-Go Meals - The Morehead Apartments","5518 W. Market Street","Greensboro","27409"
"3408d7ec-f56f-48f9-b31e-6a596cd6db25","M0023","Cone Health Behavioral Health","Cone Health Behavioral Health - Individual Therapy","700 Walter Reed Drive","Greensboro","27403"
"38338049-ebde-4bbd-a3e2-e9d0e7e3a6b8","M0093","Out of the Garden Project","Fresh Moblie Market","300 NC Highway 68 South","Greensboro","27409"
"38338049-ebde-4bbd-a3e2-e9d0e7e3a6b8","C0073","Out of the Garden Project","Fresh Mobile Market","300 NC Highway 68 South","Greensboro","27409"
"385f14c0-38d5-4289-ad01-e38e8c28848d","M0172","Career Centers of the Carolinas","Career Centers of the Carolinas","3225 Battleground Ave","Greensboro","27408"
"38cf3d52-3b06-4f78-af23-e78be6326ccf","C0118","Guilford County Schools","Grab-and-Go Meals - New Gate Apartments","1605 Ganby Avenue","High Point","27260"
"390332a2-bace-4ebe-a95d-623801affd21","M0006","Boys and Girls Club of Greater High Point","Boys and Girls Club at Ward Street Club","1619 W Ward Avenue","High Point","27260"
"390332a2-bace-4ebe-a95d-623801affd21","C0004","Boys and Girls Club of Greater High Point","Boys and Girls Club at Ward Street Club","1619 W Ward Avenue","High Point","27260"
"3930af4b-4dea-4d8e-8774-5c05667799ee","M0072","Hope4NC Helpline","Hope4NC Helpline","NA","NA","NA"
"3930af4b-4dea-4d8e-8774-5c05667799ee","C0202","Hope4NC Helpline","Hope4NC Helpline","NA","NA","NA"
"3a73342f-8f0a-48b1-8a4c-ad50f02e5b64","M0177","Guilford Community Care Network","Guilford Community Care Network (GCCN)","612 Pasteur Dr","Greensboro","27406"
"3ab0e366-43e5-4b52-9d82-9ffafd2423d7","C0139","Guilford County Schools","Grab-and-Go Meals - Hampton Homes","1300 Ogden Street","Greensboro","27406"
"3bb3b7b3-6ec0-4a70-bffe-315437c71d18","C0114","Guilford County Schools","Grab-and-Go Meals - Oak Hill Elementary","320 Wrightenberry Street","High Point","27260"
"3bb80cae-832d-461a-9567-7e57d47f2273","C0140","Guilford County Schools","Grab-and-Go Meals - Pear Leaf","2917 W. Florida Street","Greensboro","27407"
"3c4147b9-becf-4f93-b7c7-15b54f97f62b","C0199","Family Service of the Piedmont","The Slane Center","1401 Long Street","High Point","27262"
"3c4147b9-becf-4f93-b7c7-15b54f97f62b","C0059","Family Service of the Piedmont","The Slane Center","1401 Long Street","High Point","27262"
"3c4147b9-becf-4f93-b7c7-15b54f97f62b","M0049","Family Services of the Piedmont","The Slane Center","1401 Long Street","High Point","27262"
"3e164b84-cc38-41b0-8c3e-59d47441bed3","C0179","FaithAction International House","Immigrant Assistance Center","705 N. Greene Street","Greensboro","27401"
"3e164b84-cc38-41b0-8c3e-59d47441bed3","M0043","FaithAction International House","Immigrant Assistance Center","705 N. Greene Street","Greensboro","27401"
"3e2c54fe-38d1-4b06-9b05-b6cff4dd4b5f","C0234","Guilford County Transportation and Mobility Services (TAMS)","Guilford County Transportation and Mobility Services (TAMS)","1203 Maple Street","Greensboro","27405"
"3e2c54fe-38d1-4b06-9b05-b6cff4dd4b5f","M0066","Guilford County Transportation and Mobility Services (TAMS)","Guilford County Transportation and Mobility Services (TAMS)","1203 Maple Street","Greensboro","27405"
"402efc68-dc2f-4054-a011-a0feff882f0a","M0149","DHHS","Low Income Energy Assistance","1203 Maple Street","Greensboro","27405"
"40fcbcd7-7a95-4bf2-a666-cd17c3ca6933","M0139","Youth Unlimited","Residential","338 Burton Ave","High Point","27262"
"41d054e7-830e-4c30-9efa-3ad983c8c8fe","C0152","Guilford County Schools","Grab-and-Go Meals - Oakwood Forest","4100 N. US Highway 29","Greensboro","27405"
"430b54f6-8289-4cd7-a51a-477c6661616a","M0173","Dismas Charities","Dismas Charities","307 N Church St","Greensboro","27401"
"4470f107-88e1-4f29-a6bd-16628694a01c","M0107","Ringer Center","Therapy","213 E. Bessemer Avenue","Greensboro","27401"
"479f07ef-9881-489d-868a-371888f7f760","C0138","Guilford County Schools","Grab-and-Go Meals - Woodberry Run","220 Berryman Street","Greensboro","27405"
"47a9aef4-17c5-483e-8b58-d6f7615b95db","C0068","Greensboro Urban Ministry","Food Pantry","305 W. Gate City Boulevard","Greensboro","27406"
"47a9aef4-17c5-483e-8b58-d6f7615b95db","M0058","Greensboro Urban Ministry","Food Pantry","305 W. Gate City Boulevard","Greensboro","27406"
"47d2902f-1347-4dab-b1b7-bdefa0568641","M0147","PDY&F","Emergency Food Pantry","2207 E Cone Blvd","Greensboro","27405"
"47e0d96d-201c-4d13-94be-e84be0fd85dd","C0023","Greensboro Parks & Recreation","Greensboro Parks & Recreation","1001 Fourth Street","Greensboro","27405"
"47e39f89-48b8-46a0-86e9-8010dc927d8f","C0002","Boys and Girls Club of Greater High Point","Boys and Girls Club at Carson Stout","1900 Fern Avenue","High Point","27260"
"47e39f89-48b8-46a0-86e9-8010dc927d8f","M0003","Boys and Girls Club of Greater High Point","Boys and Girls Club at Carson Stout","1900 Fern Avenue","High Point
","27260"
"47f076f7-8e02-401a-88a2-c3698848fc42","C0003","Boys and Girls Club of Greater High Point","Boys and Girls Club at Southside Club","401 Taylor Avenue","High Point","27260"
"47f076f7-8e02-401a-88a2-c3698848fc42","M0005","Boys and Girls Club of Greater High Point","Boys and Girls Club at Southside Club","401 Taylor Avenue","High Point","27260"
"492d529a-ba89-4a5f-9f42-2559f6b668ab","M0135","YWCA High Point","Womens Resource Center - Career Closet Program","155 W. Westwood Avenue","High Point","27262"
"492d529a-ba89-4a5f-9f42-2559f6b668ab","M0134","YWCA High Point","Womens Resource Center - Baby Basics Program","155 W. Westwood Avenue","High Point","27262"
"492d529a-ba89-4a5f-9f42-2559f6b668ab","C0049","YWCA High Point","Womens Resource Center - Baby Basics Program","155 W. Westwood Ave","High Point","27262"
"49972630-0669-46b2-ac8c-47a3d1e3d71b","C0013","Department of Social Services","Child Support Services","325 E Russell Ave.","HIgh Point","27260"
"4b2ad5de-6705-4204-a810-59b119be6eab","C0074","Guilford County Schools","Grab-and-Go Meals - Brightwood Elementary","2001 Brightwood School Road","Greensboro","27405"
"4cb7dcc6-9b1c-44ef-8add-885e4e79eca8","C0133","Guilford County Schools","Grab-and-Go Meals - Archer Elementary","2610 Four Seasons Boulevard","Greensboro","27407"
"4cec52cc-994f-4174-a22b-d0a03501befc","M0171","Vocational Rehab","Vocational Rehab","3401 W. Wendover Ave #A","Greensboro","27407"
"4db8ccc7-a003-4bec-9e62-a9006532507e","C0014","Department of Social Services","Work First Family Assistance","1203 Maple Street","Greensboro","27405"
"4db8ccc7-a003-4bec-9e62-a9006532507e","M0037","Department of Social Services","Work First Family Assistance","1203 Maple Street","Greensboro","27405"
"4e3be86a-6cd4-4b1e-ac8d-42702772d7f4","C0077","Guilford County Schools","Grab-and-Go Meals - McLeansville Elementary","5315 Frieden Church Road","McLeansville","27301"
"4e7dc906-f51c-49df-8b23-b74a40f9c924","M0038","Department of Public Health","CC4C","1203 Maple St.","High Point","27260"
"4e7dc906-f51c-49df-8b23-b74a40f9c924","M0027","Department of Public Health","Care Coordination for Children (CC4C)/CMARC (Care Management for At Risk Children)","1203 Maple Street","Greensboro","27405"
"4e7dc906-f51c-49df-8b23-b74a40f9c924","C0008","Department of Public Health","Care Coordination for Children (CC4C)/CMARC (Care Management for At Risk Children)","1203 Maple Street","Greensboro","27405"
"4f026bd2-b1b0-4568-a9a2-e8f5272a6d4e","C0005","Boys and Girls Club of Greater High Point","Boys and Girls Club at West End Club","903 English Road","High Point","27262"
"4f026bd2-b1b0-4568-a9a2-e8f5272a6d4e","M0007","Boys and Girls Club of Greater High Point","Boys and Girls Club at West End Club","903 English Road","High Point","27262"
"50d10a4d-d82a-4327-b153-5b4619f6a5d8","M0089","Monarch Counseling","Greensboro Bellemeade Center","201 N. Eugene Street","Greensboro","27401"
"50d10a4d-d82a-4327-b153-5b4619f6a5d8","C0212","Monarch Counseling","Greensboro Bellemeade Center","201 N. Eugene Street","Greensboro","27401"
"51e06816-1d61-4a93-8cdb-466be43593a3","C0062","Sherri Denese Jackson Foundation","Temporary Emergency Shelter Assistance","125 S. Elm Street","Greensboro","27401"
"51e06816-1d61-4a93-8cdb-466be43593a3","M0116","Sherri Denese Jackson Foundation","Temporary Emergency Shelter Assistance","125 S. Elm Street Suite 205","Greensboro","27401"
"571185af-8b2d-478b-bda7-a6873476cc4f","M0106","Ringer Center","Mental Evaluations","213 E. Bessemer Avenue","Greensboro","27401"
"572456f1-0ba8-4d95-a615-4e62aa94a3bc","C0043","Salvation Army of Greensboro","Boys and Girls Club at Caldcleugh Unit","1700 Orchard Street","Greensboro","27406"
"572456f1-0ba8-4d95-a615-4e62aa94a3bc","M0110","Salvation Army of Greensboro","Boys and Girls Club at Caldcleugh Unit","1700 Orchard Street","Greensboro","27406"
"573cc866-f351-4f95-a2b6-56530bb91b4d","C0175","Center for New North Carolinians","Greensboro Refugee Employment Advancement Team","915 W. Gate City Boulevard","Greensboro","27403"
"573cc866-f351-4f95-a2b6-56530bb91b4d","M0013","UNCG Center for New North Carolinians","Greensboro Refugee Employment Advancement Team","916 W. Gate City Boulevard, Suite A","Greensboro","27403"
"57be79f8-799a-457a-9ddc-1b6270531359","M0167","Freedom House","Freedom House","PO Box 38215","Greensboro","27438"
"58b377a9-98a7-48c1-966b-5d266270736b","C0185","World Relief Triad","Employment Services","155 Northpoint Avenue","High Point","27262"
"58b377a9-98a7-48c1-966b-5d266270736b","M0125","World Relief Triad","Employment Services","155 Northpoint Avenue, Suite 102","High Point","27262"
"592eba4c-49de-4a55-beac-0fbbed34d8b6","M0085","Mental Health Greensboro","One-on-One Peer Support","700 Walter Reed Drive","Greensboro","27403"
"592eba4c-49de-4a55-beac-0fbbed34d8b6","C0209","Mental Health Greensboro","One-On-One Peer Support","700 Walter Reed Drive","Greensboro","27403"
"59ba342d-6f22-49ec-a54f-33c38309f9de","C0120","Guilford County Schools","Grab-and-Go Meals - The Oaks at Silver Ridge","2926 E. Kivett Drive","High Point","27282"
"5ba80529-86e5-4a66-bb1d-c18af035396e","M0124","World Relief Triad","Anti-Human Trafficking","155 Northpoint Avenue, Suite 102","High Point","27262"
"5ba80529-86e5-4a66-bb1d-c18af035396e","C0183","World Relief Triad","Anti-Human Trafficking","155 Northpoint Avenue","High Point","27262"
"5bd132ca-711a-4f9d-88c8-c3b224529d24","C0246","Guilford County Schools","Grab-and-Go Meals - Grandview Pointe","3128 Utah Pl","Greensboro","27405"
"5db4e87a-83b5-47bb-8157-1747fac13c33","C0200","Family Solutions","Family Solutions","231 N. Spring Street","Greensboro","27401"
"5db4e87a-83b5-47bb-8157-1747fac13c33","M0051","Family Solutions","Family Solutions","231 N. Spring Street","Greensboro","27401"
"5de43c0e-7bc2-4c06-9109-1cd7dc78ce0f","M0015","UNCG Center for New North Carolinians","Immigration Services","915 W. Gate City Boulevard, Suite A","Greensboro","27403"
"5de43c0e-7bc2-4c06-9109-1cd7dc78ce0f","C0177","Center for New North Carolinians","Immigration Services","915 W. Gate City Boulevard","Greensboro","27403"
"5f0a6a59-e9e8-4d92-8931-ba31628a1bfc","M0137","YWCA Greensboro","Healthy Moms Healthy Babies","1807 E. Wendover Avenue","Greensboro","27405"
"5f0a6a59-e9e8-4d92-8931-ba31628a1bfc","C0048","YWCA Greensboro","Healthy Moms Healthy Babies","1807 E. Wendover Avenue","Greensboro","27405"
"5fb9dafc-ef74-4213-9fd0-598d25b0f6d4","C0053","YWCA High Point","Latino Family Center - Hermanas/Hermanos","155 W. Westwood Ave","HIgh Point","27262"
"5fb9dafc-ef74-4213-9fd0-598d25b0f6d4","C0187","YWCA High Point","Latino Family Center - Hermanas/Hermanos","155 W. Westwood Ave","HIgh Point","27262"
"60b42620-9b5d-4f4e-a05c-883c902841a7","C0038","Piedmont Health Services and Sickle Cell Agency","Healthy Start Triad Baby Love Plus","401 Taylor Avenue","High Point","27260"
"60fc07de-0c9f-4441-8c52-ce25075f86b4","M0153","Children Home Soceity of NC","Wise Guys","NA","NA","NA"
"618b0964-be40-4d7a-8e4d-86f007763956","C0123","Guilford County Schools","Grab-and-Go Meals - Ambassador Court Apartments","2501 Ambassador Court","High Point","27265"
"62f23092-8c4b-4ab6-a518-d3785302bcf6","M0132","YWCA High Point","Latino Family Center - El Pueblo","155 W. Westwood Avenue","High Point","27262"
"62f23092-8c4b-4ab6-a518-d3785302bcf6","C0052","YWCA High Point","Latino Family Center - El Pueblo","155 W. Westwood Avenue","High Point","27262"
"62f23092-8c4b-4ab6-a518-d3785302bcf6","C0186","YWCA High Point","Latino Family Center - El Pueblo","155 W. Westwood Avenue","High Point","27262"
"63930b08-2db2-46a7-af63-ddb4b3378818","M0090","Novant Health","Baby Cafe","N/A","N/A","N/A"
"63930b08-2db2-46a7-af63-ddb4b3378818","C0035","Novant Health","Baby Cafe","N/A","N/A","N/A"
"6497204b-d22a-4b6a-9fd9-09c0d052e4fe","C0238","Guilford County Schools","Grab-and-Go Meals - Ferndale Middle School","701 Ferndale Blvd","High Point","27262"
"649cacbe-1805-479f-a2f2-7e6a5e31aa6d","C0072","Out of the Garden Project","Food Giveaway","1301 Alamance Church Road","Greensboro","27406"
"649cacbe-1805-479f-a2f2-7e6a5e31aa6d","M0092","Out of the Garden Project","Food Giveaway","1301 Alamance Church Road","Greensboro","27406"
"65339cf3-b272-4973-bf05-0568191e1812","M0059","Greensboro Urban Ministry","Potter's House Community Kitchen","306 W. Gate City Boulevard","Greensboro","27406"
"65339cf3-b272-4973-bf05-0568191e1812","C0069","Greensboro Urban Ministry","Potter's House Community Kitchen","305 W. Gate City Boulevard","Greensboro","27406"
"662f502a-aef1-4930-9ff0-d046c1cc96a2","M0161","Triad Behavioral Services","Outpatient Treatment","NA","NA","NA"
"66872910-b9e6-413d-8e36-eb18b2560ca2","M0142","Youth Unlimited","Psychiatric/Behavior Health Medication Management Services","338 Burton Ave","High Point","27262"
"66998f0d-bdf3-421d-84ae-3ff66496f566","M0074","Journeys Counseling","Journeys Counseling","3405 W. Wendover Avenue, Suite A","Greensboro","27407"
"66998f0d-bdf3-421d-84ae-3ff66496f566","C0203","Journeys Counseling","Journeys Counseling","3405 W. Wendover Avenue","Greensboro","27407"
"66bab2c7-cc59-4fef-9dfc-855d066819e6","C0103","Guilford County Schools","Grab-and-Go Meals - Northland Apartments","3319 Oâ€™Henry Boulevard","Greensboro","27405"
"66f4557d-e5a7-42b6-9794-5d92b1907b3b","C0045","UNCG","Bringing Out the Best","923 W. Gate City Boulevard","Greensboro","27402"
"66f4557d-e5a7-42b6-9794-5d92b1907b3b","M0121","UNCG","Bringing Out The Best","923 W. Gate City Boulevard Suite A","Greensboro","27402"
"67393c3d-5fc5-4948-8d25-c2cd730a712a","M0096","Postpartum Support International","Postpartum Depression Hotline","NA","NA","NA"
"67393c3d-5fc5-4948-8d25-c2cd730a712a","C0213","Postpartum Support International","Postpartum Depression Hotline","NA","NA","NA"
"675932f4-5aae-47e6-bf0b-c9a2811dab04","M0145","Helping Hands Ministry","Financial Assistance","NA","NA","NA"
"68ebee12-e432-4cab-8891-7ee06e245f47","M0176","Consumer Credit Counseling","Consumer Credit Counseling","315 E.Washington","Greensboro","27401"
"694b2f87-1759-466f-affc-3b2c7844e0e2","M0079","Kellin Foundation","Treehouse Trauma Recovery","2110 Golden Gate Drive Suite B","Greensboro","27405"
"694b2f87-1759-466f-affc-3b2c7844e0e2","C0204","Kellin Foundation","Tree House","2110 Golden Gate Drive","Greensboro","27405"
"694b2f87-1759-466f-affc-3b2c7844e0e2","C0061","Kellin Foundation","Treehouse Trauma Recovery","2110 Golden Gate Drive","Greensboro","27405"
"6a07395a-633d-4fe9-a97e-80a82c84ffc0","C0126","Guilford County Schools","Grab-and-Go Meals - Spring Valley Apartments","1403 E. Commerce Avenue","High Point","27260"
"6b343421-e90d-4bb8-8644-d3e318a6bcb7","M0016","UNCG Center for New North Carolinians","Thriving at Three","915 W. Gate City Blvd. Suite A","Greensboro","27403"
"6b343421-e90d-4bb8-8644-d3e318a6bcb7","C0173","Center for New North Carolinians","Thriving at Three","915 W. Gate City Boulevard","Greensboro","27403"
"6ba0b2c0-07b9-4c08-8848-8340e819a1db","C0100","Guilford County Schools","Grab-and-Go Meals - Claremont Courts","2702 Patio Place","Greensboro","27405"
"6cf20ca5-665c-46e2-ba42-30183853b94a","M0164","Fisher Park Counseling","Fisher Park Counseling","208 East Bessemer Ave.","Greensboro","27401"
"6df92a7e-7744-428b-81f6-0374936b932d","C0105","Guilford County Schools","Grab-and-Go Meals - Pathway","3517 N. Church Street","Greensboro","27405"
"6e4214bb-5e15-4b48-a6ba-c02e23ec8fe2","C0089","Guilford County Schools","Grab-and-Go Meals - Irving Park Elementary","1310 Sunset Drive","Greensboro","27408"
"6e54d2eb-7d92-4749-aeb9-c1cb720888e0","C0157","Guilford County Schools","Grab-and-Go Meals - John Washington Road","7899 Womack Drive","Brown Summit","27214"
"6e766840-62d8-4326-b059-9d9b05bc3259","C0129","Guilford County Schools","Grab-and-Go Meals - Ragsdale High","1000 Lucy Ragsdale Drive","Jamestown","27282"
"6e8f12bf-5359-4654-af3a-6ba443526c6b","M0075","Kellin Foundation","Girls Leadership Edge","2110 Golden Gate Drive Suite B","Greensboro","27405"
"6e8f12bf-5359-4654-af3a-6ba443526c6b","C0033","Kellin Foundation","Girls Leadership Edge","2110 Golden Gate Drive","Greensboro","27405"
"6f46cfe9-2ac0-4340-938f-fa14b805e10f","M0183","NC Center for Behavioral Wellness at A&T","NA","913 Bluford St","Greensboro","27401"
"6f5c0efc-4c80-41d5-bf89-537ab46003a2","C0064","Department of Public Health","WIC","501 E. Green Drive","High Point","27260"
"6f5c0efc-4c80-41d5-bf89-537ab46003a2","M0030","Department of Public Health","WIC","501 E. Green Drive","High Point","27260"
"6f69d2d9-83d4-4a0a-8249-102642900f26","M0128","YWCA Greensboro","Emergency Family Shelter","1807 E. Wendover Avenue","Greensboro","27405"
"6f69d2d9-83d4-4a0a-8249-102642900f26","C0172","YWCA Greensboro","Emergency Family Shelter","1807 E. Wendover Avenue","Greensboro","27405"
"6f9db3b7-05e0-46a4-9132-340ebe3b224f","C0193","Cone Health Behavioral Health","Cone Health Behavioral Health - Outpatient Services","510 N. Elam Avenue","Greensboro","27403"
"70e60eb0-9bda-4212-928d-8e8206bd65f7","C0019","Department of Social Services","Emergency Assistance - The Salvation Army","1200 Eastchester Drive","High Point","27260"
"71ad2730-19a4-4578-af6a-3cca4db2677f","M0044","Family Justice Center","Family Justice Center","201 S. Greene Street 2nd floor","Greensboro","27401"
"71ad2730-19a4-4578-af6a-3cca4db2677f","C0056","Family Justice Center","Family Justice Center","201 S. Greene Street","Greensboro","27401"
"71f435ee-5dc0-49bb-947c-52262080cebd","C0121","Guilford County Schools","Grab-and-Go Meals - Ingram Woods Apartments","2704 Ingram Road","High Point","27263"
"71fdc784-dafd-4399-a6d6-89e2e04f07de","C0109","Guilford County Schools","Grab-and-Go Meals - Hayleigh Village","4020 Eight Belles Lane","Greensboro","27410"
"730bd973-74f1-4e28-a6f1-4e00a04718ec","C0097","Guilford County Schools","Grab-and-Go Meals - Washington Elementary","1110 E. Washington Street","Greensboro","27401"
"7359128e-fd42-43f1-a14d-fea893de415c","M0182","Autism Unbound","Autism Unbound","PO Box 41166","Greensboro","27404"
"7393c82d-7833-4d80-b1fb-7c1f6374057f","C0220","Triad Health Project","Higher Ground","801 Summit Avenue","Greensboro","27405"
"7393c82d-7833-4d80-b1fb-7c1f6374057f","M0118","Triad Health Project","Higher Ground","801 Summit Avenue","Greensboro","27405"
"7398b374-685c-453c-8a19-f2fc26667df2","M0146","Helping Hands Ministry","Food Pantry","1301 Alamance Church Road","Greensboro","27406"
"74bb1671-a5d2-4516-84cd-154b8f527432","M0088","Monarch Counseling","Behavioral Health Urgent Care/Greensboro Bellemeade Crisis Center","201 N. Eugene Street","Greensboro","27401"
"74bb1671-a5d2-4516-84cd-154b8f527432","C0211","Monarch Counseling","Behavioral Health Urgent Care/Greensboro Bellemeade Crisis Center","201 N. Eugene Street","Greensboro","27401"
"7668c61e-f8cc-4f40-aa71-e61ad596be28","C0221","Triad Health Project","HIV/STI Testing","620 W. English Street","High Point","27262"
"7668c61e-f8cc-4f40-aa71-e61ad596be28","M0120","Triad Health Project","HIV/STI Testing","620 W. English Street","High Point","27262"
"7923fc64-5bf0-42b1-8a53-d70f8f51d040","C0124","Guilford County Schools","Grab-and-Go Meals - South Wind Villas","820 E. South Road","High Point","27262"
"7fa5b46c-8847-46f0-b31d-c5f2ca6271df","C0137","Guilford County Schools","Grab-and-Go Meals - Laurel Oaks","12 Laurel Lee Terrace","Greensboro","27405"
"80106073-bfa1-465e-87f3-b70fbf0afc1b","C0066","Department of Social Services","Food and Nutrition Services (Food Stamps)","1203 Maple Street","Greensboro","27405"
"80106073-bfa1-465e-87f3-b70fbf0afc1b","M0036","Department of Social Services","Food and Nutrition Services (Food Stamps)","1203 Maple Street","Greensboro","27405"
"80d3393a-e6d0-4c2d-adb9-956e1a74d924","C0167","Greensboro Housing Coalition","Greensboro Housing Coalition","1031 Summit Avenue","Greensboro","27405"
"80d3393a-e6d0-4c2d-adb9-956e1a74d924","M0055","Greensboro Housing Coalition","Greensboro Housing Coalition","1031 Summit Avenue","Greensboro","27405"
"81d4fc5b-b764-4ddb-ad44-82cc50af75cb","M0150","Guilford Child Development","Child Care Search Tool","NA","NA","NA"
"82117ce8-5c36-4ead-9cc1-f44c758582bd","C0240","Guilford County Schools","Grab-and-Go Meals - Page High School","201 Alma Pinnix Dr","Greensboro","27405"
"8235d338-bb36-44d1-9e9e-0b1a6bff4076","M0112","Salvation Army of Greensboro","Boys and Girls Club at Reynolds Unit","1001 Freeman Mill Road","Greensboro","27406"
"8235d338-bb36-44d1-9e9e-0b1a6bff4076","C0041","Salvation Army of Greensboro","Boys and Girls Club at Reynolds Unit","1001 Freeman Mill Road","Greensboro","27406"
"829017a5-5b3f-4545-a08a-a9ee85892383","C0081","Guilford County Schools","Grab-and-Go Meals - Smith High","2407 S. Holden Road","Greensboro","27407"
"833378d2-5dc4-4505-8f95-13f9a1e14633","C0116","Guilford County Schools","Grab-and-Go Meals - Park Street Terrace Apartments","885 Sharon Street","High Point","27260"
"83709fa3-26d4-4be7-807d-562aa4638e2d","M0060","Guilford Child Development","Family Success Center","1200 Arlington Street","Greensboro","27406"
"83709fa3-26d4-4be7-807d-562aa4638e2d","C0027","Guilford Child Development","Family Success Center","1200 Arlington Street","Greensboro","27406"
"846c5bff-d99a-46e1-812f-45f68ca48f0b","C0022","Family Service of the Piedmont","Fairview Family Resource Center","401 Taylor Avenue","High Point","27261"
"846c5bff-d99a-46e1-812f-45f68ca48f0b","M0046","Family Services of the Piedmont","Fairview Family Resource Center","401 Taylor Avenue","High Point","27261"
"86aaff23-36bb-4d2c-ad31-09d4cf0ca835","C0151","Guilford County Schools","Grab-and-Go Meals - Legacy Crossing","3900 Hahns Lane","Greensboro","27401"
"86da6c67-be77-4468-affe-3a4189dfdf1c","M0159","Blessed Table Food Pantry","Blessed Table Food Pantry","3210 Summit Ave","Greensboro","NA"
"885c578b-ece6-4c69-a04d-0fadcf4a8b7d","M0099","Restoration Place Counseling","Restoration Place Counseling","1301 Carolina Street","Greensboro","27401"
"885c578b-ece6-4c69-a04d-0fadcf4a8b7d","C0214","Restoration Place Counseling","Restoration Place Counseling","1301 Carolina Street","Greensboro","27401"
"88ebe30f-88f5-4ba5-9024-d21051c59d09","C0247","Guilford County Schools","Grab-and-Go Meals - Homestead Apartments","2321 Randleman Rd","Greensboro","27406"
"88f53be9-756b-4549-bacd-11b27d7c9bb4","C0117","Guilford County Schools","Grab-and-Go Meals - Brentwood Crossing","200 Brentwood Street","High Point","27260"
"89a25aa3-9fe3-4152-a2a9-b94615ef33f9","C0017","Department of Social Services","Emergency Assistance - The Salvation Army Center of Hope","1311 S. Eugene Street","Greensboro","27405"
"89a25aa3-9fe3-4152-a2a9-b94615ef33f9","M0033","Department of Social Services","Emergency Assistance - The Salvation Army","1311 S. Eugene Street
","Greensboro","27405"
"89a8b7b4-5595-42f2-bd7c-888f5dd0e65b","C0096","Guilford County Schools","Grab-and-Go Meals - Swann Middle","811 Cypress Street","Greensboro","27405"
"89df39c5-f19d-40d2-a6d0-ae3a3acd30ee","M0052","Family Solutions","Family Solutions","148 Baker Road","Archdale","27263"
"89f220c3-52d0-47d1-ba67-88833bc08e13","C0080","Guilford County Schools","Grab-and-Go Meals - Simkins Elementary","3511 E. Lee Street","Greensboro","27406"
"8a431811-a7a3-404d-a26d-bd3877b46100","M0097","Reading Connections","Reading Connections","122. Elm Street Suite 920","Greensboro","27401"
"8a431811-a7a3-404d-a26d-bd3877b46100","C0039","Reading Connections","Reading Connections","122. Elm Street","Greensboro","27401"
"8b8dd609-08f7-4d08-b17b-0a4e7079ca1f","M0160","Mustard Seed Community Health","Mustard Seed Community Health","238 South English St","Greensboro","27410"
"8c135391-9847-4fd8-a66c-9459283ed476","C0165","Guilford County Schools","Grab-and-Go Meals - Market Station Apartments","1 Aspen Drive","Greensboro","27409"
"8d0bc0c5-b6d0-4cf3-b152-7de504af52d5","C0106","Guilford County Schools","Grab-and-Go Meals - Allerton Apartments","3201 Allerton Circle","Greensboro","27409"
"8d76ffaf-bdb1-475e-85ff-c04d028b89e9","C0156","Guilford County Schools","Grab-and-Go Meals - Abernathy Park Apartments","3624 Belmont Street","Greensboro","27406"
"8d856a5f-e932-4cba-86a6-8871dec15485","C0142","Guilford County Schools","Grab-and-Go Meals - Lakespring Court","4 Lakespring Court","Greensboro","27405"
"8d9f2572-db68-434d-a79a-46355ae03e4d","M0039","Department of Public Health","Guilford Family Connects","1203 Maple Street","Greensboro","27405"
"8dd327d2-6067-4a0b-a097-b483ef997d99","M0018","Children's Home Society","Partnering for Healthy Parenting","4545 Premier Dr.","High Point","NA"
"8e4beaa3-600e-495c-9ad8-b8ed408753b7","M0022","Cone Health Behavioral Health","Cone Health Behavioral Health - Adolescent Intensive Outpatient Program","510 N. Elam Avenue, Suite 301","Greensboro","27403"
"8e4beaa3-600e-495c-9ad8-b8ed408753b7","C0196","Cone Health Behavioral Health","Cone Health Behavioral Health - Adolescent Intensive Outpatient Program","510 N. Elam Avenue","Greensboro","27403"
"8e61a225-66ab-456e-a740-3c84e6fa847c","C0143","Guilford County Schools","Grab-and-Go Meals - Abbey Court","3403 Rehobeth Church Road","Greensboro","27406"
"8e9aee76-95b0-4332-b79e-7359f3a9c281","M0130","YWCA High Point","Adolescent Parenting Program","155 W. Westwood Avenue","High Point","27262"
"8e9aee76-95b0-4332-b79e-7359f3a9c281","C0050","YWCA High Point","Adolescent Parenting Program","155 W. Westwood Avenue","High Point","27262"
"8f5e544d-506e-47e6-bf89-6cf66df11d28","M0141","Youth Unlimited","Intensive In Home Services","338 Burton Ave","High Point","27262"
"903a721b-86f1-4724-9ae6-0d017599b5ba","C0249","Guilford County Schools","Grab-and-Go Meals - Rockwood Manor","3818 Rockwood Manor","Greensboro","27405"
"91d8b086-7aaa-4398-8158-fdc186ee7172","M0009","UNCG Center for New North Carolinians","Glen Haven Community Center","NA","NA","NA"
"92a256ff-eeae-4154-a98d-91dcd0086399","C0154","Guilford County Schools","Grab-and-Go Meals - Legacy Pointe Apartments","9 Summertree Loop","Greensboro","27406"
"971b2e7b-9560-4739-84a9-27f41cbec51f","C0141","Guilford County Schools","Grab-and-Go Meals - Baylor Court","3900 Baylor Court","Greensboro","27405"
"981a53f0-be3e-4103-aa8f-2490fcd4c70b","M0163","Partnership Village","Partnership Villiage","135 Greenbriar Rd.","Greensboro","27405"
"991f3e15-a864-499a-8194-3699e1c772c2","M0179","Caring Services Inc","Caring Services Inc","102 Chestnut Dr","High Point","27262"
"99ae2fb3-6b79-4eb0-929f-777440c9b2be","M0017","Children's Home Society","HealthySteps","604 Meadow St.","Greensboro","27405"
"99d72ef2-387c-4534-8d5d-18f47be6d574","M0050","Family Services of the Piedmont","Healthy Start","315 E. Washington St.","Greensboro","27401"
"9a238742-baa6-4e3b-a543-27ae150a0c29","C0166","Greensboro Housing Authority","Greensboro Housing Authority","450 N. Church Street","Greensboro","27401"
"9a238742-baa6-4e3b-a543-27ae150a0c29","M0054","Greensboro Housing Authority","Greensboro Housing Authority","450 N. Church Street","Greensboro","27401"
"9afc992a-9bc1-4536-89fe-3913b1bc9021","C0021","Family Service of the Piedmont","High Point Center for Child Wellness","308 Boulevard Street","HIgh Point","27262"
"9afc992a-9bc1-4536-89fe-3913b1bc9021","M0047","Family Services of the Piedmont","High Point Center for Child Wellness","308 Boulevard Street","HIgh Point","27262"
"9bf0bbf3-7373-4c65-9ed6-cbe99f49dfec","M0180","NC A&T Cooperative Extension","Cooperative Extension","1601 E. Market Street","Greensboro","27411"
"9dff18dc-500d-44bb-8aac-89a22dc783d8","C0079","Guilford County Schools","Grab-and-Go Meals - Shadybrook Elementary","503 Shadybrook Road","High Point","27265"
"9f130198-5687-4051-8b72-decae9f3d798","C0098","Guilford County Schools","Grab-and-Go Meals - Western Middle","401 College Road","Greensboro","27410"
"a0dd9a01-1dc4-45f2-925c-4e47b4fc3370","M0117","Therapeutic Alternatives","Mobile Crisis","4270 Heath Dairy Road","Randleman","27317"
"a0dd9a01-1dc4-45f2-925c-4e47b4fc3370","C0218","Therapeutic Alternatives","Mobile Crisis","4270 Heath Dairy Road","Randleman","27317"
"a32b9dd0-2371-4970-adac-c470444af5d7","M0056","Greensboro Public Libraries","Greensboro Public Libraries","219 N. Church Street","Greensboro","27401"
"a32b9dd0-2371-4970-adac-c470444af5d7","C0024","Greensboro Public Libraries","Greensboro Public Libraries","219 N. Church Street","Greensboro","27401"
"a336de40-1a87-42de-b71a-ea167a703117","M0083","Mended Hearts Counseling","Mended Hearts Counseling","701 W. Main Street Suite C","Jamestown","27282"
"a336de40-1a87-42de-b71a-ea167a703117","C0206","Mended Hearts Counseling","Mended Hearts Counseling","701 W. Main Street","Jamestown","27282"
"a44a2c05-3a91-4326-be70-91213249813d","M0123","Womens Resource Center of Greensboro","Womens Resource Center of Greensboro","628 Summit Avenue","Greensboro","27405"
"a44a2c05-3a91-4326-be70-91213249813d","C0046","Women's Resource Center of Greensboro","Women's Resource Center of Greensboro","628 Summit Avenue","Greensboro","27405"
"a513565f-b371-4ee8-802c-ef64f95532da","M0081","Legal Aid of NC","Legal Aid of NC","122 N. Elm Street","Greensboro","27401"
"a513565f-b371-4ee8-802c-ef64f95532da","C0189","Legal Aid of NC","Legal Aid of NC","122 N. Elm Street","Greensboro","27401"
"a5146bf0-d9ca-4393-bbbb-d6e9e4b565dc","C0070","Macedonia Family Resource Center","Food Pantry","401 Lake Avenue","High Point","27260"
"a5146bf0-d9ca-4393-bbbb-d6e9e4b565dc","M0082","Macedonia Family Resource Center","Food Pantry","401 Lake Avenue","High Point","27260"
"a577ca35-fb0b-429f-adfc-9f4bfbb5eb3d","M0151","Barnabas Network","Furniture Program","838 Winston Street","Greensboro","27405"
"a87a199b-7080-4859-9085-141246a26705","M0057","Greensboro Transit Agency","Greensboro Transit Agency","300 W. Washington Street","Greensboro","27401"
"a87a199b-7080-4859-9085-141246a26705","C0233","Greensboro Transit Agency","Greensboro Transit Agency","300 W. Washington Street","Greensboro","27401"
"a96c00f4-66a1-44f4-bb9a-384e85ed109e","M0010","UNCG Center for New North Carolinians","Legacy Crossing Community Center","NA","NA","NA"
"aa767798-d14a-4621-b9a5-b2a258f75e2a","C0239","Guilford County Schools","Grab-and-Go Meals - Kernodle Middle School","3600 Drawbridge Pkwy","Greensboro","27410"
"ab549114-b8e4-4f0e-813d-680fa6781f59","M0077","Kellin Foundation","Greensboro HEALS","2110 Golden Gate Drive, Suite B","Greensboro","27405"
"ab549114-b8e4-4f0e-813d-680fa6781f59","C0225","Kellin Foundation","Greensboro HEALS","2110 Golden Gate Drive","Greensboro","27405"
"ab549114-b8e4-4f0e-813d-680fa6781f59","C0205","Kellin Foundation","Greensboro HEALS","2110 Golden Gate Drive","Greensboro","27405"
"ab874806-5f58-4d9f-82ab-1f16bb08b156","C0134","Guilford County Schools","Grab-and-Go Meals - Hairston Middle","3911 Naco Road","Greensboro","27401"
"ab909de8-7cb1-42b4-9ba4-f01545319bcc","C0037","Piedmont Health Services and Sickle Cell Agency","Healthy Start Triad Baby Love Plus","1102 E. Market Street","Greensboro","27401"
"ab909de8-7cb1-42b4-9ba4-f01545319bcc","M0095","Piedmont Health Services and Sickle Cell Agency","Healthy Start Triad Baby Love Plus","1102 E. Market St.","Greensboro","27401"
"ac245729-c599-4482-b33c-84a8303d8640","M0065","Guilford County Partnership for Children","NC Pre-K","500 W. Friendly Avenue, Suite 100","Greensboro","27401"
"ac245729-c599-4482-b33c-84a8303d8640","C0223","Guilford County Partnership for Children","NC Pre-K","500 W. Friendly Avenue","Greensboro","27401"
"ac576f0b-b4a4-488a-81a1-5f757957fb78","C0113","Guilford County Schools","Grab-and-Go Meals - Montlieu Elementary","1105 Montlieu Avenue","High Point","27262"
"acd3f2ac-890a-4d43-a346-8f48807eac9d","C0148","Guilford County Schools","Grab-and-Go Meals - Silverbriar Court","4807 Silver Briar Court","Greensboro","27410"
"ace2fda6-cdb7-4f1e-b9b3-1cecfeee9a9b","C0085","Guilford County Schools","Grab-and-Go Meals - Eastern High","415 Peeden Drive","Gibsonville","27249"
"adaf310a-323a-4b4d-8aec-85a4d1f5ff56","M0181","Piedmont Authority Regional Transportation","PART","NA","Greensboro","27409"
"ae0abbbc-a00d-4d21-ac6a-73764881e9b8","M0021","Cone Health Behavioral Health","Cone Health Behavioral Health - Inpatient Services","700 Walter Reed Drive","Greensboro","27403"
"ae0abbbc-a00d-4d21-ac6a-73764881e9b8","C0191","Cone Health Behavioral Health","Cone Health Behavioral Health - Inpatient Services","700 Walter Reed Drive","Greensboro","27403"
"ae0abbbc-a00d-4d21-ac6a-73764881e9b8","C0192","Cone Health Behavioral Health","Cone Health Behavioral Health - Inpatient Services","700 Walter Reed Drive","Greensboro","27403"
"ae0abbbc-a00d-4d21-ac6a-73764881e9b8","M0020","Cone Health Behavioral Health","Cone Health Behavioral Health - Inpatient Services","700 Walter Reed Drive","Greensboro","27403"
"af617abe-643c-45ef-8469-ca68ba86ca91","M0012","UNCG Center for New North Carolinians","Community Enrichment Center","NA","NA","NA"
"b0320f92-cfe4-4e9b-8d6a-511172c52b75","C0244","Guilford County Schools","Grab-and-Go Meals- Cedar Creek Mobile","3607 S Elm-Eugene St","Greensboro","27406"
"b196feee-5c37-4103-b9ff-e5b8d762a0ce","C0122","Guilford County Schools","Grab-and-Go Meals - Kendall Street Apartments","211 Kendall Avenue","High Point","27260"
"b309f0cc-2201-4b86-bc95-e354d2db0ecb","M0143","Youth Unlimited","Outpatient Counseling Services","338 Burton Ave","High Point","27262"
"b3bf8d57-03d0-41b0-8707-5a3a632dd19b","M0104","Ringer Center","Drug Detoxification","213 E. Bessemer Avenue","Greensboro","27401"
"b3bf8d57-03d0-41b0-8707-5a3a632dd19b","C0230","Ringer Center","Drug Detoxification","213 E. Bessemer Avenue","Greensboro","27401"
"b54a5623-4bbc-4314-ae54-f10571fead84","M0165","Hope Filled Hearts","Hope Filles Hearts","NA","NA","NA"
"b5a2323e-79f3-4108-a4b7-36838a6b4578","C0104","Guilford County Schools","Grab-and-Go Meals - Choice Hotel","110 Seneca Road","Greensboro","27406"
"b812dffc-9d43-4416-be91-5e9525d341b3","C0107","Guilford County Schools","Grab-and-Go Meals - Plantation Apartments","1101 Berkley Manor Way","Greensboro","27409"
"b8dd499d-69e5-4507-aa5f-1dc5008b43f9","M0035","Department of Social Services","Food and Nutrition Services (Food Stamps)","325 E. Russell Ave","High Point","27260"
"b8dd499d-69e5-4507-aa5f-1dc5008b43f9","C0065","Department of Social Services","Food and Nutrition Services (Food Stamps)","325 E. Russell Ave","High Point","27260"
"ba7d4d44-1340-43f1-99da-e62c67ce7177","C0178","FaithAction International House","FaithAction ID Program","705 N. Greene Street","Greensboro","27401"
"ba7d4d44-1340-43f1-99da-e62c67ce7177","M0042","FaithAction International House","FaithAction ID Program","705 N. Greene Street","Greensboro","27401"
"bb112afb-200c-4e83-88d1-9a5ed1881a8e","C0128","Guilford County Schools","Grab-and-Go Meals - Jamestown Elementary","108 Potter Drive","Jamestown","27282"
"bb1e5833-ad35-4744-a2c8-9b57e4b20ac0","M0080","NA","Kellin's Kids","NA","NA","NA"
"bbaf2c7f-5d89-47cb-88b1-28c8e0bcfe4f","M0040","Department of Health and Human Services","Just Teens Clinic","NA","NA","NA"
"bc1e706b-ff8a-4273-aeeb-f32e0a7a7f0a","C0198","Family Service of the Piedmont","The Families First Center","315 E. Washington Street","Greensboro","27401"
"bc1e706b-ff8a-4273-aeeb-f32e0a7a7f0a","C0058","Family Service of the Piedmont","The Families First Center","315 E. Washington Street","Greensboro","27401"
"bc1e706b-ff8a-4273-aeeb-f32e0a7a7f0a","M0048","Family Services of the Piedmont","The Families First Center","315 E. Washington Street","Greensboro","27401"
"bc7f59c6-fb7d-4202-a079-3f530ab11cb1","C0210","Mental Health Greensboro","Peer-Led Support Groups","700 Walter Reed Drive","Greensboro","27403"
"bc7f59c6-fb7d-4202-a079-3f530ab11cb1","M0086","Mental Health Greensboro","Peer-Led Support Groups","700 Walter Reed Drive","Greensboro","27403"
"bcbfb484-9799-4be4-b362-59897c87ef85","C0018","Department of Social Services","Work First Family Assistance","325 E. Russell Avenue","High Point","27260"
"bd80a0f6-7a44-4a94-8365-c65bb3133c93","C0093","Guilford County Schools","Grab-and-Go Meals - Rankin Elementary","1501 Spry Street","Greensboro","27405"
"bea95602-773d-45d6-8d50-735ee8cc48ec","C0125","Guilford County Schools","Grab-and-Go Meals - Greater New Hope Baptist Church","906 Meredith Street","High Point","27260"
"bf807f0d-7cbb-472d-beee-f1b7ccd34609","C0020","Department of Social Services","Emergency Assistance -The Salvation Army of High Point & Center of Hope Family Shelter","301 W. Green Drive","High Point","27260"
"bfadeb57-2a9a-487b-9c8f-0ee423b4631e","C0170","Room at the Inn","Mary Nussbaum Maternity Home","734 Park Avenue","Greensboro","27405"
"bfadeb57-2a9a-487b-9c8f-0ee423b4631e","M0109","Room at the Inn","Mary Nussbaum Maternity Home","734 Park Avenue","Greensboro","27405"
"c03c63d7-6a76-4dba-8180-a9ba5a98f0ab","C0075","Guilford County Schools","Grab-and-Go Meals - Colfax Elementary","9112 W. Market Street","Colfax","27235"
"c0c2f083-f39f-4cd8-8908-89999c49fa8b","C0176","Center for New North Carolinians","Family Violence Prevention Services","915 W. Gate City Boulevard","Greensboro","27403"
"c0c2f083-f39f-4cd8-8908-89999c49fa8b","M0008","UNCG Center for New North Carolinians","Family Violence Prevention Services","915 W. Gate City Boulevard, Suite A","Greensboro","27403"
"c2637da1-d34b-4e42-b5c6-f3cec800437d","M0170","Goodwill Industries Career Center","Goodwill Industries Career Center","NA","NA","NA"
"c27b0308-499e-4133-9d7b-1bab133ac41d","C0127","Guilford County Schools","Grab-and-Go Meals - Laurelwood Apartments","1300 Burton Avenue","High Point","27262"
"c36f0947-e3ff-43e1-a658-046483753808","M0111","Salvation Army of Greensboro","Boys and Girls Club at Hickory Trails","4223 Romaine Street","Greensboro","27407"
"c36f0947-e3ff-43e1-a658-046483753808","C0044","Salvation Army of Greensboro","Boys and Girls Club at Hickory Trails","4223 Romaine Street","Greensboro","27407"
"c4592de4-67b3-4cc4-a9c0-279923072d88","C0082","Guilford County Schools","Grab-and-Go Meals - Union Hill Elementary","3523 Triangle Lake Road","High Point","27260"
"c4af96a3-631e-4ecc-8946-318675405c3d","M0001","Agape Psychological Consortium","Agape Psychological Consortium","4160 Piedmont Parkway, Suite 207","Greensboro","27410"
"c4af96a3-631e-4ecc-8946-318675405c3d","C0190","Agape Psychological Consortium","Agape Psychological Consortium","4160 Piedmont Parkway","Greensboro","27410"
"c5df6c68-a7c4-4d17-9d29-0cff3a8c3552","C0047","YWCA Greensboro","Teen Parent Mentor Program","1807 E. Wendover Avenue","Greensboro","27405"
"c5df6c68-a7c4-4d17-9d29-0cff3a8c3552","M0129","YWCA Greensboro","Teen Parent Mentor Program","1807 Wendover Ave. E","Greensboro","27405"
"ca004db1-fcae-4632-b70b-d0f46c1d83bf","C0094","Guilford County Schools","Grab-and-Go Meals - Southeast High","4530 Southeast School Road","Greensboro","27406"
"ca1a9a6d-c688-43aa-83a0-1706af2fa00b","C0146","Guilford County Schools","Grab-and-Go Meals - Applewood","3502 Old Battleground Avenue","Greensboro","27410"
"ca56fe9e-882a-4c27-b68b-5a90cc8fb6c2","M0175","Triad Career Network","Triad Career Network","NA","NA","NA"
"ca813925-0ebc-49cb-ae48-98bb9f0d760a","C0119","Guilford County Schools","Grab-and-Go Meals - Bellemeade Apartments","2350 Bellemeade Street","High Point","27263"
"caafe25e-8b6f-41e0-a268-7e0f2d18b504","C0150","Guilford County Schools","Grab-and-Go Meals - Glenhaven","426 Greenbriar Road","Greensboro","27405"
"cad05b74-b8d9-4858-91a4-9027a0987b68","C0028","High Point Medical Center- Esther R. Culp Women's Center","Mommy and Me Classes","601 N. Elm Street","High Point","27262"
"cb626a0e-35a6-4343-9dea-ede5d7194a5d","C0088","Guilford County Schools","Grab-and-Go Meals - Hunter Elementary","1305 Merritt Drive","Greensboro","27407"
"cbc0d916-bdc1-48d9-8a4d-77aa0139f0ff","C0006","Cone Health","Breastfeeding Fundamentals","1200 N. Elm Street","Greensboro","27401"
"cbc0d916-bdc1-48d9-8a4d-77aa0139f0ff","M0019","Cone Health","Breastfeeding Fundamentals","1200 N. Elm Street
","Greensboro","27401"
"cdb7ca04-05b1-46c8-a057-cd091209075c","C0226","RHA Health Services","Hilltop Comprehensive Substance Use Services","211 S. Centennial Street","High Point","27260"
"cdb7ca04-05b1-46c8-a057-cd091209075c","M0100","RHA Health Services","Hilltop Comprehensive Substance Use Services","211 S. Centennial Street","High Point","27260"
"cf91e74e-5b11-4584-9726-2361f33dce1d","C0016","Department of Social Services","Child Protective Services","325 E. Russell Avenue","High Point","27260"
"cf91e74e-5b11-4584-9726-2361f33dce1d","M0032","Department of Social Services","Child Protective Services","325 E. Russell Avenue","High Point","27260"
"d173e312-dab8-4a32-8457-d881b5a4d73e","C0009","Department of Public Health","Children's Developmental Services Agencies (CDSAs)","122 N. Elm Street","Greensboro","27401"
"d173e312-dab8-4a32-8457-d881b5a4d73e","M0028","Department of Public Health","Children's Developmental Services Agencies (CDSAs)","122 N. Elm Street","Greensboro","27401"
"d19bd28d-efe2-4de9-b7cd-2a9f8e5413f9","C0108","Guilford County Schools","Grab-and-Go Meals - Greenbriar","129 Greenbriar Road","Greensboro","27405"
"d1a3cb33-f92e-4e5a-9418-8587194ea8ab","M0119","Triad Health Project","HIV/STI Testing","801 Summit Avenue","Greensboro","27405"
"d1a3cb33-f92e-4e5a-9418-8587194ea8ab","C0219","Triad Health Project","HIV/STI Testing","801 Summit Avenue","Greensboro","27405"
"d229b6b7-fdfd-47fb-8325-c75e9056a923","M0168","Malachi House","Malachi House","Po Box 3171","Greensboro","27402"
"d392990e-528d-4a30-9e9e-3efe432eab58","C0101","Guilford County Schools","Grab-and-Go Meals - Smith Homes","707 W. Florida Street","Greensboro","27406"
"d40a64e7-eb87-428d-ba1b-908f8b9003b9","M0114","Salvation Army of Greensboro","Center of Hope Crisis Assistance","1311 S. Eugene Street","Greensboro","27406"
"d40a64e7-eb87-428d-ba1b-908f8b9003b9","C0171","Salvation Army of Greensboro","Center of Hope Crisis Assistance","1311 S. Eugene Street","Greensboro","27406"
"d663105f-162a-4dbf-80f1-71a50237ac84","C0131","Guilford County Schools","Grab-and-Go Meals - Oak Ridge Commons","2205 Oak Ridge Road","Oak Ridge","27310"
"d6c0e0b1-ab9c-4eb2-a375-c9bacb7725d3","M0011","UNCG Center for New North Carolinians","Oakwood Forest Community Center","NA","NA","NA"
"d760b825-b0f1-49ae-9e99-aa22c907e0c5","C0010","Department of Public Health","Case Management for High Risk Pregnancy (CMHRP) formerly OBCM","1100 E. Wendover Avenue","Greensboro","27405"
"d760b825-b0f1-49ae-9e99-aa22c907e0c5","M0041","Department of Public Health","Case Management for High Risk Pregnancy (CMHRP) formerly OBCM","1100 Wendover Ave.","Greensboro","27405"
"d88e467d-51df-44a4-9403-9526b339347c","C0145","Guilford County Schools","Grab-and-Go Meals - Woodland Village","3819 Overland Heights","Greensboro","27407"
"d98748e7-efb8-488f-8e73-8dbc6fae3a44","C0026","Guilford Child Development","High Point Opportunity Center","2039 Brentwood Street","High Point","27263"
"d98748e7-efb8-488f-8e73-8dbc6fae3a44","M0062","Guilford Child Development","High Point Opportunity Center","2039 Brentwood Street","High Point","27263"
"da876c02-2939-4fb1-9b82-77f6498798c3","C0132","Guilford County Schools","Grab-and-Go Meals - Summerfield Mobile Home Park","172 Turfwood Circle","Stokesdale","27357"
"dbdcf064-a3b2-48d3-8f8d-d56daf4ef933","M0169","NC Works","NC Works","2301 W. Meadowview Rd","Greensboro","27407"
"dc9f45bf-a032-4d22-ac4d-1b8533c6240a","C0087","Guilford County Schools","Grab-and-Go Meals - Dudley High","1200 Lincoln Street","Greensboro","27401"
"dca8f357-9890-4781-af2b-5232a693f32c","M0184","High Point Medical Center Lactation Services","NA","NA","NA","NA"
"df1f34cf-11e7-4062-8cda-587596593eef","C0227","Ringer Center","Alcohol and Drug Treatment","213 E. Bessemer Avenue","Greensboro","27401"
"df1f34cf-11e7-4062-8cda-587596593eef","M0102","Ringer Center","Alcohol and Drug Treatment","213 E. Bessemer Avenue","Greensboro","27401"
"df1f6212-b565-4a44-98d5-64d9d3c182e7","M0078","Kellin Foundation","Lindys Kids","2110 Golden Gate Drive Suite B","Greensboro","27405"
"df1f6212-b565-4a44-98d5-64d9d3c182e7","C0034","Kellin Foundation","Lindy's Kids","2110 Golden Gate Drive","Greensboro","27405"
"df7405ec-2045-4170-a12f-4b395f149da8","M0126","World Relief Triad","Health and Wellness","155 Northpoint Avenue, Suite 102","High Point","27262"
"df7405ec-2045-4170-a12f-4b395f149da8","C0184","World Relief Triad","Health and Wellness","155 Northpoint Avenue","High Point","27262"
"e2a4d7f8-a8fe-40c4-aa09-751edafa9dbc","C0144","Guilford County Schools","Grab-and-Go Meals - Hickory Trails","4223 Romaine Street","Greensboro","27407"
"e2b7943c-661f-4797-904e-b2201b98c983","M0178","NC African Services Coalition","NCASC","NA","NA","NA"
"e2d9a8d4-8a77-4eb7-a696-b720716740bd","C0001","Boys and Girls Club of Greater High Point","Boys and Girls Club at Central Asheboro Club","801 Sunset Avenue","Asheboro","27203"
"e2d9a8d4-8a77-4eb7-a696-b720716740bd","M0004","Boys and Girls Club of Greater High Point","Boys and Girls Club at Central Asheboro Club","801 Sunset Avenue","Asheboro","27203"
"e2e50d7b-9422-4484-911a-b773b7cc9038","M0069","High Point Parks and Recreation","High Point Parks and Recreation","136 Northpoint Avenue","High Point","27262"
"e2e50d7b-9422-4484-911a-b773b7cc9038","C0031","High Point Parks and Recreation","High Point Parks and Recreation","136 Northpoint Avenue","High Point","27262"
"e42275ad-35e6-4f52-8479-7023ff41ab6d","C0162","Guilford County Schools","Grab-and-Go Meals - Willow Run Apartments","300 Montrose Drive","Greensboro","27407"
"e59e53e6-3052-4268-bcad-b87501feae7c","C0241","Guilford County Schools","Grab-and-Go Meals - Triangle Lake Montessori School","2401 Triangle Lake Rd","High Point","27260"
"e6b2e293-6da8-426d-ab2c-e7f1f3f2dcf8","M0061","Guilford Child Development","Head Start/Early Head Start","1200 Arlington Street","Greensboro","27406"
"e6b2e293-6da8-426d-ab2c-e7f1f3f2dcf8","C0222","Guilford Child Development","Head Start/Early Head Start","1200 Arlington Street","Greensboro","27406"
"e6b69a52-0c25-471c-b2b4-dbab5c50d159","M0138","UNCG Psychology Clinic","Indiviual and Group Counseling","1100 West Market Street in Greensboro, NC on the 2nd floor","Greensboro","27403"
"e736089b-af95-44d6-bc17-54eea24964f4","C0242","Guilford County Schools","Grab-and-Go Meals - Gillespie Park Elementary","1900 Martin Luther King Jr","Greensboro","27406"
"e880b1b8-0747-4615-bc2f-89d897ecf168","C0012","Department of Social Services","Child Support Services","400 West Market St.","Greensboro","27401"
"e923d034-d778-4c84-929b-9d69ab86f6ad","M0091","Out of the Garden Project","Food Giveaway","1806 Merrit Drive","Greensboro","27407"
"e923d034-d778-4c84-929b-9d69ab86f6ad","C0071","Out of the Garden Project","Food Giveaway","1806 Merrit Drive","Greensboro","27407"
"e9e78ee1-a5f3-4f50-a9f6-951d95a14de6","C0160","Guilford County Schools","Grab-and-Go Meals - Amber Trace Apartments","2904-2914 W. Florida Street","Greensboro","27407"
"ea32c90d-1d40-4a45-928b-34e2d82e9006","M0148","Turning Point 180","Bread of Life Food Pantry","1606 Phillips Ave","Greensboro","27405"
"ea63d5ef-64ae-4a90-90f5-c57a049feff6","M0063","Guilford Child Development","Learning Together","1200 Arlington Street","Greensboro","27406"
"ea63d5ef-64ae-4a90-90f5-c57a049feff6","C0180","Guilford Child Development","Learning Together","1200 Arlington Street","Greensboro","27406"
"eaa2a395-1df6-4348-a758-3506e3dcb962","C0208","Mental Health Greensboro","Wellness Academy Recovery Classes","700 Walter Reed Drive","Greensboro","27403"
"eaa2a395-1df6-4348-a758-3506e3dcb962","M0087","Mental Health Greensboro","Wellness Academy Recovery Classes","700 Walter Reed Drive","Greensboro","27403"
"ebfe9414-0a83-4c63-92b5-c63476c1f8f1","M0166","Mary's House","Mary's House","520 Guilford Ave","Greensboro","27401"
"ec66c9a0-d8ba-408c-88ae-6fcb3877e7ba","M0026","Department of Public Health","Adopt A Mom","1203 Maple Street
","Greensboro
","27405"
"ec66c9a0-d8ba-408c-88ae-6fcb3877e7ba","C0007","Department of Public Health","Adopt a Mom","1203 Maple Street","Greensboro","27405"
"ee0ea9aa-cd41-4d8d-896a-17e5adf47638","C0243","Guilford County Schools","Grab-and-Go Meals - Brockett Park","1801 Brockett Avenue","High Point","27260"
"ee2592a6-2943-4693-8dd1-0b346a720523","C0060","Kellin Foundation","Greensboro Child Response Iniative","2110 Golden Gate Drive","Greensboro","27405"
"ee2592a6-2943-4693-8dd1-0b346a720523","M0076","Kellin Foundation","Greensboro Child Response Initiative","2110 Golden Gate Drive Suite B","Greensboro","27405"
"eee5c3bd-0a9f-49bf-8129-6175f212a6a5","M0068","High Point Medical Center- Esther R. Culp Women's Center","Pregnancy/Postpartum Support Group","601 N. Elm Street","High Point","27262"
"eee5c3bd-0a9f-49bf-8129-6175f212a6a5","C0030","High Point Medical Center- Esther R. Culp Women's Center","Pregnancy/Postpartum Support Group","601 N. Elm Street","High Point","27262"
"ef167387-69bd-43f5-90fd-a419c6296f61","M0103","Ringer Center","Department of Transportation Assessments","213 E. Bessemer Avenue","Greensboro","27401"
"ef167387-69bd-43f5-90fd-a419c6296f61","C0229","Ringer Center","Department of Transportation assessments","213 E. Bessemer Avenue","Greensboro","27401"
"ef1a5290-3da5-4723-9522-71f899600d86","M0031","Department of Social Services","Child Protective Services","1203 Maple Street","Greensboro","27405"
"ef1a5290-3da5-4723-9522-71f899600d86","C0015","Department of Social Services","Child Protective Services","1203 Maple Street","Greensboro","27405"
"f02c2fb3-ec35-4945-982c-639fdab075d2","C0130","Guilford County Schools","Grab-and-Go Meals - Northeast High","6700 McLeansville Road","McLeansville","27301"
"f18c7b6d-29e2-4df3-b1d8-7ce40fef5d32","C0092","Guilford County Schools","Grab-and-Go Meals - Northwest High","5240 Northwest School Road","Greensboro","27409"
"f3610cf7-4c50-4224-b1c4-57d234ab0faf","C0136","Guilford County Schools","Grab-and-Go Meals - Foxworth Apartments","1201 Thicket Lane","Greensboro","27405"
"f473a558-6b13-47b0-801f-abde06e569b2","C0207","Mental Health Greensboro","Mental Health Greensboro","700 Walter Reed Drive","Greensboro","27403"
"f473a558-6b13-47b0-801f-abde06e569b2","M0084","Mental Health Greensboro","Mental Health Greensboro","700 Walter Reed Drive","Greensboro","27403"
"f4e9c7e9-9e95-44bb-9800-29483d83de92","C0155","Guilford County Schools","Grab-and-Go Meals - Cottage Grove Apartments","2209 Apache Street","Greensboro","27401"
"f6e4fb85-3ac8-4739-ae27-fd17349fb5f8","M0067","High Point Housing Authority","High Point Housing Authority","500 E. Russell Street","High Point","27260"
"f6e4fb85-3ac8-4739-ae27-fd17349fb5f8","C0168","High Point Housing Authority","High Point Housing Authority","500 E. Russell Street","High Point","27260"
"f8b66f72-1b24-4caf-acbc-a4d9d9a06af7","M0024","Cone Health Behavioral Health","Cone Health Behavioral Health - Group Therapy","510 N. Elam Avenue, Suite 301","Greensboro","27403"
"f8b66f72-1b24-4caf-acbc-a4d9d9a06af7","C0194","Cone Health Behavioral Health","Cone Health Behavioral Health - Group Therapy","510 N. Elam Avenue","Greensboro","27403"
"f8c893fa-bca2-478a-94c2-9cd6cd40361a","C0169","Interactive Resource Center","Interactive Resource Center","407 E. Washington Street","Greensboro","27240"
"f8c893fa-bca2-478a-94c2-9cd6cd40361a","M0073","Interactive Resource Center","Interactive Resource Center","407 E Washington Street","Greensboro","27401"
"f8e5105f-8d0b-47c5-a143-a0e3b00ff777","C0110","Guilford County Schools","Grab-and-Go Meals - Allen Jay Middle","1201 E. Fairfield Road","High Point","27263"
"f929e28b-9533-434b-8e9d-d08e8bfee084","C0188","YWCA High Point","Latino Family Center - The Lead Program","155 W. Westwood Avenue","HIgh Point","27262"
"f929e28b-9533-434b-8e9d-d08e8bfee084","C0054","YWCA High Point","Latino Family Center - The Lead Program","155 W. Westwood Avenue","HIgh Point","27262"
"f929e28b-9533-434b-8e9d-d08e8bfee084","M0133","YWCA High Point","Latino Family Center - The Lead Program","155 W. Westwood Avenue","HIgh Point","27262"
"faf63ddb-9c08-44c7-8d24-87a4cdba7d6f","M0127","World Relief Triad","Immigration Legal Services","155 Northpoint Avenue, Suite 102","High Point","27262"
"faf63ddb-9c08-44c7-8d24-87a4cdba7d6f","C0182","World Relief Triad","Immigration Legal Services","155 Northpoint Avenue","High Point","27262"
"fb78fa9a-8de2-44e8-a3b8-9d789d08dd1d","C0248","Guilford County Schools","Grab-and-Go Meals - Crowe Mobile Home Park","6201 Jonquil Drive","Greensboro","27407"
"fb91cf9c-946d-456c-aa5a-6709bc2f08f2","M0071","Hope4Healers Helpline","Hope4Healers Helpline","NA","NA","NA"
"fb91cf9c-946d-456c-aa5a-6709bc2f08f2","C0201","Hope4Healers Helpline","Hope4Healers Helpline","NA","NA","NA"
"fcb69dfd-595b-4d16-8275-2a1772bda51b","M0174","Step Up Minsitries","Step Up Ministries","707 North Green Street","Greensboro","27401"
"fd3083cd-c895-491e-8602-eda774dd72d2","C0153","Guilford County Schools","Grab-and-Go Meals - Cumberland Court Apartments","610 Bluford Street","Greensboro","27401"
"fe789ac3-055b-4bf8-8a0d-13056c3f7015","C0111","Guilford County Schools","Grab-and-Go Meals - Fairview Elementary","608 Fairview Street","High Point","27260"
